"loci","Orthogroup","trait","Gene Name","org","Chromosome Name","bp","top_pval","start","end","Gene Start (bp)","Gene End (bp)","Description","present","genecount","pFDR"
"Athaliana_TAIR10_Mo_1_4916622","OG0013221","Mo","AT1G14790","Athaliana_TAIR10",1,4916622,1.18998131254656e-07,4841622,5133224,5093961,5098032,"RNA-dependent RNA polymerase 1",3,1,0.45
"Athaliana_TAIR10_Mo_5_23260054","OG0001066","Mo","AT5G57580","Athaliana_TAIR10",5,23260054,9.07300822979075e-05,23185054,23335054,23314716,23318125,"Calmodulin-binding protein",3,1,0.45
"Zmays_RefGen_V4_Mo_5_178448056","OG0001066","Mo","Zm00001d016856","Zmays_RefGen_V4",5,178448056,1.24465573495195e-15,178348056,178733177,178414694,178421024,"(1 of 17) PF07887 - Calmodulin binding protein-like (Calmodulin_bind)",3,1,0.4
"Zmays_RefGen_V4_Mo_5_210970910","OG0013221","Mo","Zm00001d017964","Zmays_RefGen_V4",5,210970910,3.36905417011502e-10,210870910,211070910,210959844,210965383,"(1 of 12) 2.7.7.48 - RNA-directed RNA polymerase / RNA nucleotidyltransferase (RNA-directed)",3,1,0.4
"Gmax_Wm82.a2.v1_Mo_13_20701079","OG0001066","Mo","Glyma.13G094800","Gmax_Wm82.a2.v1",13,20701079,0.012068264,20501079,21096502,20995143,21001535,"PTHR31713:SF12 - CALMODULIN-BINDING PROTEIN (1 of 2)",3,1,0.366666666666667
"Gmax_Wm82.a2.v1_Mo_17_4604270","OG0001066","Mo","Glyma.17G065500","Gmax_Wm82.a2.v1",17,4604270,0.004721539,4404270,5162641,5047695,5053785,"",3,1,0.366666666666667
"Gmax_Wm82.a2.v1_Mo_2_7233292","OG0013221","Mo","Glyma.02G086100","Gmax_Wm82.a2.v1",2,7233292,1.26e-08,7033292,8579231,7499967,7510307,"PTHR23079:SF9 - RNA-DEPENDENT RNA POLYMERASE 1 (1 of 2)",3,1,0.366666666666667
